{
  "bike2": {
    "center_offset": [
      -2.9802322387695312e-08,
      1.4106030464172363
    ],
    "radius": 1.5629420416927193
  },
  "chair": {
    "center_offset": [
      0.007624581456184387,
      0.023997485637664795
    ],
    "radius": 0.36612783682353134
  },
  "sign": {
    "center_offset": [
      0.0,
      0.0
    ],
    "radius": 0.5569510467239485
  },
  "skateboard": {
    "center_offset": [
      -0.0007976517081260681,
      0.002639472484588623
    ],
    "radius": 0.8111097983830367
  },
  "sofa": {
    "center_offset": [
      0.001408696174621582,
      -0.01627218723297119
    ],
    "radius": 1.626726267439728
  },
  "table": {
    "center_offset": [
      0.0,
      0.0
    ],
    "radius": 0.8948531098920065
  },
  "tachka": {
    "center_offset": [
      0.2073165774345398,
      0.03505121171474457
    ],
    "radius": 1.114479620893294
  },
  "tree1": {
    "center_offset": [
      -0.015499979257583618,
      -0.04651224613189697
    ],
    "radius": 1.0398528004801786
  },
  "tree2": {
    "center_offset": [
      -0.023812949657440186,
      0.019602596759796143
    ],
    "radius": 1.249723303492215
  },
  "tree3": {
    "center_offset": [
      0.04392975568771362,
      -0.03756743669509888
    ],
    "radius": 1.0488549921345782
  }
}